name,time/op (ns/op),±
ExecuteTurns/mapsize-16_turns-150_workers-1-4,2.49611E+06,30%
ExecuteTurns/mapsize-16_turns-150_workers-2-4,3.05202E+06,66%
ExecuteTurns/mapsize-16_turns-150_workers-3-4,3.65821E+06,30%
ExecuteTurns/mapsize-16_turns-150_workers-4-4,3.50565E+06,18%
ExecuteTurns/mapsize-16_turns-150_workers-5-4,4.41437E+06,16%
ExecuteTurns/mapsize-16_turns-150_workers-6-4,3.84137E+06,22%
ExecuteTurns/mapsize-16_turns-150_workers-7-4,9.63601E+06,193%
ExecuteTurns/mapsize-16_turns-150_workers-8-4,4.68620E+06,29%
ExecuteTurns/mapsize-16_turns-150_workers-9-4,5.02373E+06,23%
ExecuteTurns/mapsize-16_turns-150_workers-10-4,6.58094E+06,44%
ExecuteTurns/mapsize-16_turns-150_workers-11-4,5.60912E+06,19%
ExecuteTurns/mapsize-16_turns-150_workers-12-4,6.62248E+06,53%
ExecuteTurns/mapsize-16_turns-150_workers-13-4,5.35972E+06,18%
ExecuteTurns/mapsize-16_turns-150_workers-14-4,5.70507E+06,14%
ExecuteTurns/mapsize-16_turns-150_workers-15-4,6.20077E+06,42%
ExecuteTurns/mapsize-16_turns-150_workers-16-4,5.70620E+06,11%
ExecuteTurns/mapsize-64_turns-150_workers-1-4,1.93797E+07,4%
ExecuteTurns/mapsize-64_turns-150_workers-2-4,1.91028E+07,7%
ExecuteTurns/mapsize-64_turns-150_workers-3-4,1.93713E+07,22%
ExecuteTurns/mapsize-64_turns-150_workers-4-4,2.00536E+07,16%
ExecuteTurns/mapsize-64_turns-150_workers-5-4,1.84231E+07,20%
ExecuteTurns/mapsize-64_turns-150_workers-6-4,2.03177E+07,16%
ExecuteTurns/mapsize-64_turns-150_workers-7-4,2.07313E+07,12%
ExecuteTurns/mapsize-64_turns-150_workers-8-4,2.47678E+07,58%
ExecuteTurns/mapsize-64_turns-150_workers-9-4,2.26735E+07,69%
ExecuteTurns/mapsize-64_turns-150_workers-10-4,2.24233E+07,19%
ExecuteTurns/mapsize-64_turns-150_workers-11-4,2.28024E+07,29%
ExecuteTurns/mapsize-64_turns-150_workers-12-4,2.06411E+07,17%
ExecuteTurns/mapsize-64_turns-150_workers-13-4,2.13871E+07,17%
ExecuteTurns/mapsize-64_turns-150_workers-14-4,2.17628E+07,23%
ExecuteTurns/mapsize-64_turns-150_workers-15-4,2.09544E+07,19%
ExecuteTurns/mapsize-64_turns-150_workers-16-4,2.28363E+07,15%
ExecuteTurns/mapsize-512_turns-150_workers-1-4,1.13927E+09,4%
ExecuteTurns/mapsize-512_turns-150_workers-2-4,9.74719E+08,5%
ExecuteTurns/mapsize-512_turns-150_workers-3-4,8.98057E+08,4%
ExecuteTurns/mapsize-512_turns-150_workers-4-4,9.41584E+08,4%
ExecuteTurns/mapsize-512_turns-150_workers-5-4,9.75208E+08,5%
ExecuteTurns/mapsize-512_turns-150_workers-6-4,1.02235E+09,4%
ExecuteTurns/mapsize-512_turns-150_workers-7-4,1.05696E+09,3%
ExecuteTurns/mapsize-512_turns-150_workers-8-4,1.06002E+09,6%
ExecuteTurns/mapsize-512_turns-150_workers-9-4,1.09881E+09,5%
ExecuteTurns/mapsize-512_turns-150_workers-10-4,1.12637E+09,5%
ExecuteTurns/mapsize-512_turns-150_workers-11-4,1.15100E+09,3%
ExecuteTurns/mapsize-512_turns-150_workers-12-4,1.17926E+09,5%
ExecuteTurns/mapsize-512_turns-150_workers-13-4,1.21643E+09,2%
ExecuteTurns/mapsize-512_turns-150_workers-14-4,1.23572E+09,7%
ExecuteTurns/mapsize-512_turns-150_workers-15-4,1.30942E+09,5%
ExecuteTurns/mapsize-512_turns-150_workers-16-4,1.28324E+09,6%
